text,links
Zenjob sucht Logistikmitarbeiter / Lagerhelfer (w/x/m) - ab sofort!,https://www.stellenwerk-hamburg.de/jobboerse/zenjob-sucht-logistikmitarbeiter-lagerhelfer-wxm-ab-sofort-berlin-210914-490902
Verkaufshilfe im Bereich Fashion gesucht (w/x/m) - ab sofort!,https://www.stellenwerk-hamburg.de/jobboerse/verkaufshilfe-im-bereich-fashion-gesucht-wxm-ab-sofort-berlin-210914-490901
Honorarkräfte für verschiedene Tätigkeiten an der Max-Brauer-Schule gesucht,https://www.stellenwerk-hamburg.de/jobboerse/honorarkraefte-fuer-verschiedene-taetigkeiten-der-max-brauer-schule-gesucht-hamburg
Studentische Aushilfe im Küchenstudio next125 im Stilwerk,https://www.stellenwerk-hamburg.de/jobboerse/studentische-aushilfe-im-kuechenstudio-next125-im-stilwerk-hamburg-210914-490898
SPIELLEITER/IN BEI ESCAPE ROOM - DU ARBEITEST DIREKT AN BORD EINES SCHIFFES,https://www.stellenwerk-hamburg.de/jobboerse/spielleiterin-bei-escape-room-du-arbeitest-direkt-bord-eines-schiffes-hamburg-210914
Werkstudent (m/w/d) gesucht!,https://www.stellenwerk-hamburg.de/jobboerse/werkstudent-mwd-gesucht-hamburg-210914-490894
Werkstudent (m/w/d) IT-Abteilung,https://www.stellenwerk-hamburg.de/jobboerse/werkstudent-mwd-it-abteilung-hamburg-210914-490893
Werkstudent (m/w/d) Human Resources,https://www.stellenwerk-hamburg.de/jobboerse/werkstudent-mwd-human-resources-hamburg-210914-490892
Studentische Aushilfskraft gesucht!,https://www.stellenwerk-hamburg.de/jobboerse/studentische-aushilfskraft-gesucht-hamburg-210716-479577
Unterstützung Vertrieb und Backoffice (m/f/d),https://www.stellenwerk-hamburg.de/jobboerse/unterstuetzung-vertrieb-und-backoffice-mfd-hamburg-210830-487820
(studentische) Aushilfe (m/w/d) für bis zu 10h pro Woche,https://www.stellenwerk-hamburg.de/jobboerse/studentische-aushilfe-mwd-fuer-bis-zu-10h-pro-woche-hamburg-210914-490884
Werkstudent (m/w/d) digitales Produktmanagement ,https://www.stellenwerk-hamburg.de/jobboerse/werkstudent-mwd-digitales-produktmanagement-hamburg-210830-487811
Studentische Hilfskraft (m/w) für Büro- und Lagertätigkeiten,https://www.stellenwerk-hamburg.de/jobboerse/studentische-hilfskraft-mw-fuer-buero-und-lagertaetigkeiten-hamburg-bahrenfeld-210914
Werkstudent (m/w/d) im Sales – XING Marketing Solutions,https://www.stellenwerk-hamburg.de/jobboerse/werkstudent-mwd-im-sales-xing-marketing-solutions-hamburg-210914-490875
Mitarbeiter (w/m/d) im Office auf 450 € Basis,https://www.stellenwerk-hamburg.de/jobboerse/mitarbeiter-wmd-im-office-auf-450-eu-basis-hamburg-210914-490873
Fahrer für Obst & Gemüse Lieferservice  m/w/d auf 450€ Basis gesucht,https://www.stellenwerk-hamburg.de/jobboerse/fahrer-fuer-obst-gemuese-lieferservice-mwd-auf-450eu-basis-gesucht-hamburg-210914-490870
Studentische Aushilfe für die Texterfassung,https://www.stellenwerk-hamburg.de/jobboerse/studentische-aushilfe-fuer-die-texterfassung-hamburg-210914-490867
Studentische Aushilfe (m/w/d),https://www.stellenwerk-hamburg.de/jobboerse/studentische-aushilfe-mwd-hamburg-210914-490866
"Werkstudent (m/w/d) Recht, Compliance, Managementsysteme (befristet)",https://www.stellenwerk-hamburg.de/jobboerse/werkstudent-mwd-recht-compliance-managementsysteme-befristet-hamburg-210914-490861
Werkstudent (m/w/d) Corporate Controlling,https://www.stellenwerk-hamburg.de/jobboerse/werkstudent-mwd-corporate-controlling-hamburg-210914-490845
